plot,general,lat,lon,is_station,logger
ACORNHOEK POLICE ARS,SAWS,-24.5972,31.0492,Y,SAWS_logger
ADDO ELEPHANT PARK,SAWS,-33.4421,25.7485,Y,SAWS_logger
ALIWAL-NORTH PLAATKOP,SAWS,-30.8029,26.8834,Y,SAWS_logger
ALLDAYS HALY ARS,SAWS,-22.7206,29.1047,Y,SAWS_logger
AMERSFOORT ARS,SAWS,-27.1086,29.8722,Y,SAWS_logger
ASHTON CELLAR ARS,SAWS,-33.837,20.028,Y,SAWS_logger
ATLANTIS,SAWS,-33.6078,18.4831,Y,SAWS_logger
Alex Muranda Livestock Development Centre,SASSCAL_namibia,-18.3643,19.2562,Y,SASSCAL_logger
Alexanderbay Lichen Field,SASSCAL_south_africa,-28.62496,16.50674,Y,SASSCAL_logger
Alpha,SASSCAL_south_africa,-26.76178,20.62504,Y,SASSCAL_logger
Alpha_Kalahari,SASSCAL,,,Y,SASSCAL_logger
Alto Dondo,SASSCAL_angola,-9.68333,14.46667,Y,SASSCAL_logger
Aussinanis,SASSCAL_namibia,-23.443536,15.04594199,Y,SASSCAL_logger
BABANANGO,SAWS,-28.37,31.22,Y,SAWS_logger
BARBERTON PRISON ARS,SAWS,-25.7833,31.05,Y,SAWS_logger
BAVIAANSPOORT PUR ARS,SAWS,-25.6908,28.3633,Y,SAWS_logger
BELFAST,SAWS,-25.6918,30.0344,Y,SAWS_logger
BELLVILLE GOLF COURSE ARS,SAWS,-33.871,18.622,Y,SAWS_logger
BETHLEHEM WO,SAWS,-28.2496,28.3343,Y,SAWS_logger
BIRD ISLAND,SAWS,-33.8389,26.2861,Y,SAWS_logger
BISHO,SAWS,-32.8945,27.2868,Y,SAWS_logger
BLOEMFONTEIN - STAD,SAWS,-29.1206,26.1875,Y,SAWS_logger
BLOEMFONTEIN WO,SAWS,-29.1039,26.2981,Y,SAWS_logger
BLOEMHOF,SAWS,-27.6511,25.6219,Y,SAWS_logger
BLUE HORIZONS BAY ARS,SAWS,-33.9731,25.2583,Y,SAWS_logger
BLYVOORUITSIG GOLD MINE ARS,SAWS,-26.4,27.383,Y,SAWS_logger
BLYVOORUITZICHT ARS,SAWS,-26.4278,27.3422,Y,SAWS_logger
BOLEPI HOUSE,SAWS,-25.809,28.256,Y,SAWS_logger
BONNIEVALE - SONSKYN ARS,SAWS,-33.952,20.084,Y,SAWS_logger
BOTHAVILLE - BALKFONTEIN,SAWS,-27.4058,26.5044,Y,SAWS_logger
BOURKE'S LUCK AWS,SAWS,-24.6724,30.8092,Y,SAWS_logger
BRANDVLEI,SAWS,-30.4648,20.4786,Y,SAWS_logger
BREDASDORP - KLIPDALE AGRI ARS,SAWS,-34.308,19.965,Y,SAWS_logger
BRONKHORSTSPRUIT AWS,SAWS,-25.8086,28.7389,Y,SAWS_logger
BUFFELDOORNS ARS,SAWS,-24.5731,27.1167,Y,SAWS_logger
BUFFELSPOORT II AGR,SAWS,-25.75,27.483,Y,SAWS_logger
Bagani,SASSCAL_namibia,-18.094639,21.559972,Y,SASSCAL_logger
Baines Drift,SASSCAL_botswana,-22.48983,28.69675,Y,SASSCAL_logger
Barragem das Neves,SASSCAL_angola,-14.958,13.363,Y,SASSCAL_logger
Bentiaba,SASSCAL_angola,-14.257,12.387,Y,SASSCAL_logger
Bibala,SASSCAL_angola,-14.808,13.341,Y,SASSCAL_logger
CALVINIA BRAKFONTEIN ARS,SAWS,-32.343,19.531,Y,SAWS_logger
CALVINIA WO,SAWS,-31.4822,19.7619,Y,SAWS_logger
CAPE AGULHAS,SAWS,-34.826,20.013,Y,SAWS_logger
CAPE COLUMBINE,SAWS,-32.828,17.856,Y,SAWS_logger
CAPE POINT,SAWS,-34.353,18.49,Y,SAWS_logger
CAPE ST FRANCIS,SAWS,-34.2123,24.8358,Y,SAWS_logger
CAPE TOWN - ROYAL YACHT CLUB,SAWS,-33.9204,18.443,Y,SAWS_logger
CAPE TOWN SLANGKOP,SAWS,-34.148,18.319,Y,SAWS_logger
CAPE TOWN WO,SAWS,-33.9789,18.6,Y,SAWS_logger
CAROLINA,SAWS,-26.0681,30.1186,Y,SAWS_logger
CAROLINA ARS,SAWS,-26.0678,30.1186,Y,SAWS_logger
CEDARA,SAWS,-29.5419,30.265,Y,SAWS_logger
CERES AWS,SAWS,-33.385,19.321,Y,SAWS_logger
CHARTERS CREEK,SAWS,-28.2,32.417,Y,SAWS_logger
CITRUSDAL TOPDRIFT ARS,SAWS,-32.64,19.091,Y,SAWS_logger
CLANWILLIAM,SAWS,-32.1767,18.8881,Y,SAWS_logger
CT-AWS,SAWS,-33.979,18.6,Y,SAWS_logger
Cacuso,SASSCAL_angola,-9.42808,15.74621,Y,SASSCAL_logger
Campus ISPT,SASSCAL_angola,-14.958,13.445,Y,SASSCAL_logger
Capangombe,SASSCAL_angola,-15.096,13.138,Y,SASSCAL_logger
Caraculo,SASSCAL_angola,-15.019,12.658,Y,SASSCAL_logger
Chianga (Huambo),SASSCAL_angola,-12.74349,15.82923,Y,SASSCAL_logger
Claratal,SASSCAL_namibia,-22.7876,16.8144,Y,SASSCAL_logger
Coastal Met,SASSCAL_namibia,-23.05631001,14.62594704,Y,SASSCAL_logger
Cuito Cuanavale,SASSCAL_angola,-15.1815,19.17833,Y,SASSCAL_logger
DARLINGTON DAM ARS,SAWS,-33.0986,25.0956,Y,SAWS_logger
DE DOORNS ARS,SAWS,-29.0017,25.0756,Y,SAWS_logger
DIEPSLOOT ARS,SAWS,-25.9238,28.0216,Y,SAWS_logger
DOBSONVILLE ARS,SAWS,-26.223,27.8625,Y,SAWS_logger
DOHNE - AGR,SAWS,-32.535,27.4675,Y,SAWS_logger
DUBE - ARS,SAWS,-26.2463,27.8947,Y,SAWS_logger
DURBAN SOUTH AWS,SAWS,-29.965,30.9467,Y,SAWS_logger
DURBANVILLE- BLAAUWBLOMMETJIESKLOOF ARS,SAWS,,,Y,SAWS_logger
Damba,SASSCAL_angola,-6.68333,14.13333,Y,SASSCAL_logger
Dieprivier (Namib Desert Lodge),SASSCAL_namibia,-24.1296,15.8947,Y,SASSCAL_logger
EAST LONDON AWS,SAWS,-33.0369,27.8325,Y,SAWS_logger
EAST LONDON WO,SAWS,-33.0342,27.8294,Y,SAWS_logger
EAST LONDON WO AWS,SAWS,-33.0225,27.82,Y,SAWS_logger
EILAND SPA ATKV -ARS,SAWS,-23.6614,30.6775,Y,SAWS_logger
ELANDS RIVER-BOSBOK RAND ARS,SAWS,-33.7994,25.2181,Y,SAWS_logger
ELIM SAPS ARS,SAWS,-34.593,19.759,Y,SAWS_logger
EMERALD DALE ARS,SAWS,-29.9431,29.9564,Y,SAWS_logger
EMERALD DALE AWS,SAWS,-29.9431,29.9606,Y,SAWS_logger
ERMELO WO,SAWS,-26.4977,29.9838,Y,SAWS_logger
ESTCOURT,SAWS,-29.0069,29.8656,Y,SAWS_logger
EXCELSIOR ARS,SAWS,-28.938,27.061,Y,SAWS_logger
EXCELSIOR CERES,SAWS,-32.9633,19.4306,Y,SAWS_logger
Eksteenfontein,SASSCAL_south_africa,-28.83653,17.29039,Y,SASSCAL_logger
Erichsfelde,SASSCAL_namibia,-21.5986,16.9012,Y,SASSCAL_logger
FAURESMITH,SAWS,-29.7535,25.323,Y,SAWS_logger
FICKSBURG,SAWS,-28.8272,27.9041,Y,SAWS_logger
FLOWER RESERVE ARS,SAWS,-33.9122,25.2197,Y,SAWS_logger
FOCHVILLE-POLICE ARS,SAWS,-26.483,27.5,Y,SAWS_logger
FORT BEAUFORT,SAWS,-32.7881,26.6294,Y,SAWS_logger
FRANKFORT - TNK,SAWS,-27.267,28.495,Y,SAWS_logger
FRANSCHHOEK ARS,SAWS,,,Y,SAWS_logger
FRASERBURG,SAWS,-31.916,21.508,Y,SAWS_logger
FREEDOM FARM ARS,SAWS,-25.8947,25.1161,Y,SAWS_logger
GARIEP DAM,SAWS,-30.5621,25.5278,Y,SAWS_logger
GEELBEK,SAWS,-33.1961,18.1242,Y,SAWS_logger
GENADENDAL-MEULRIVIER ARS,SAWS,-34.061,19.472,Y,SAWS_logger
GEORGE WITFONTEIN,SAWS,-33.9353,22.4269,Y,SAWS_logger
GIANTS CASTLE AWS,SAWS,-29.2653,29.5225,Y,SAWS_logger
GIYANI,SAWS,-23.3142,30.6856,Y,SAWS_logger
GIYANI - NSAMI DAM ARS,SAWS,-23.2647,30.7647,Y,SAWS_logger
GLEN COLLEGE AWS,SAWS,-28.942,26.3258,Y,SAWS_logger
GOEDGEVONDEN ARS,SAWS,-27.0161,29.1583,Y,SAWS_logger
GOUDKOPPIES ARS,SAWS,-26.2747,27.9331,Y,SAWS_logger
GRAHAMSTOWN,SAWS,-33.2906,26.5028,Y,SAWS_logger
GRAND CENTRAL,SAWS,-25.9833,28.1333,Y,SAWS_logger
GRAND CENTRAL AIRPORT ARS,SAWS,-25.9919,28.1417,Y,SAWS_logger
GRASKOP AWS,SAWS,-24.933,30.85,Y,SAWS_logger
GRAVELLOTE-RUBBERVALE ARS,SAWS,-23.9178,30.5475,Y,SAWS_logger
GRAVELOTTE ARS,SAWS,-23.9494,30.6106,Y,SAWS_logger
GREYTOWN,SAWS,-29.083,30.6,Y,SAWS_logger
Gambos,SASSCAL_angola,-15.65,14.06667,Y,SASSCAL_logger
Ganab,SASSCAL_namibia,-23.1218,15.5383,Y,SASSCAL_logger
Ganda,SASSCAL_angola,-12.95,14.63333,Y,SASSCAL_logger
Garnet Koppie,SASSCAL_namibia,-23.115385,15.30503601,Y,SASSCAL_logger
Gellap Ost,SASSCAL_namibia,-26.4011,18.0072,Y,SASSCAL_logger
Ghanzi,SASSCAL_botswana,-21.715083,21.653167,Y,SASSCAL_logger
Giribisvlakte,SASSCAL_namibia,-19.095699,13.326114,Y,SASSCAL_logger
Gobabeb Met,SASSCAL_namibia,-23.560437,15.040998,Y,SASSCAL_logger
Goodhope,SASSCAL_botswana,-25.46025,25.426778,Y,SASSCAL_logger
HARTEBEESPOORT DAM,SAWS,-25.7489,27.8303,Y,SAWS_logger
HENNENMAN ARS,SAWS,-27.976,27.026,Y,SAWS_logger
HERMANUS,SAWS,-34.4325,19.2247,Y,SAWS_logger
HILLTOP RESEARCH ARS,SAWS,-28.0688,32.0343,Y,SAWS_logger
HOEDSPRUIT,SAWS,-24.35,31.05,Y,SAWS_logger
HOEDSPRUIT - MARULENG TESTING GROUNDS,SAWS,-24.3531,30.9536,Y,SAWS_logger
HOEDSPRUIT AIR FORCE BASE,SAWS,-24.3526,31.0493,Y,SAWS_logger
HOOPSTAD ARS,SAWS,-28.019,26.006,Y,SAWS_logger
HOUTBAY FORESTRY ARS,SAWS,-34.029,18.358,Y,SAWS_logger
Hamoye,SASSCAL_namibia,-18.23475,19.732306,Y,SASSCAL_logger
Humpata,SASSCAL_angola,-15.069,13.351,Y,SASSCAL_logger
IRENE WO,SAWS,-25.9105,28.2106,Y,SAWS_logger
IVORY PARK - ARS,SAWS,-25.9902,28.2016,Y,SAWS_logger
IXOPO,SAWS,-30.1525,30.0747,Y,SAWS_logger
JHB BOT TUINE,SAWS,-26.1566,27.9991,Y,SAWS_logger
JOHANNESBURG INT WO,SAWS,-26.15,28.23,Y,SAWS_logger
JOHANNESBURG SANDTON ARS,SAWS,-26.1024,28.069,Y,SAWS_logger
JONKERSHOEK,SAWS,-33.9678,18.9222,Y,SAWS_logger
JOUBERTINA AWS,SAWS,-33.8283,23.8586,Y,SAWS_logger
JOUBERTINA SCHOOL AWS,SAWS,-33.8247,23.8606,Y,SAWS_logger
John Pandeni,SASSCAL_namibia,-19.707778,18.035278,Y,SASSCAL_logger
KAMEELDRIFT ARS,SAWS,-25.6603,28.3144,Y,SAWS_logger
KENILWORTH RACE COURSE ARS,SAWS,-33.998,18.481,Y,SAWS_logger
KING SHAKA AWOS,SAWS,-29.6017,31.13,Y,SAWS_logger
KING SHAKA INTERNATIONAL AIRPORT WO,SAWS,-29.6108,31.1239,Y,SAWS_logger
KIRSTENBOSCH,SAWS,-33.9919,18.4328,Y,SAWS_logger
KLIPPLAAT ARS,SAWS,-33.0167,24.2308,Y,SAWS_logger
KNELLPOORTDAM,SAWS,-29.7861,26.9031,Y,SAWS_logger
KOKSTAD,SAWS,-30.5014,29.3972,Y,SAWS_logger
KOMATIDRAAI,SAWS,-25.5145,31.9103,Y,SAWS_logger
KOSI BAY ARS,SAWS,-26.9564,32.8308,Y,SAWS_logger
KRIEGERS KRAAL ARS,SAWS,-32.9619,25.9464,Y,SAWS_logger
KRIEL ARS,SAWS,-26.267,29.233,Y,SAWS_logger
KROONSTAD,SAWS,-27.6664,27.3136,Y,SAWS_logger
KRUGER MPUMALANGA INT. AIR.,SAWS,-25.3877,31.0995,Y,SAWS_logger
KRUGERSDRIFT DAM ARS,SAWS,-28.881,25.95,Y,SAWS_logger
KRUGERWILDTUIN SHANGONI ARS,SAWS,-23.1688,30.9431,Y,SAWS_logger
KWAMASHU W/W ARS,SAWS,-29.7292,31.0097,Y,SAWS_logger
Kabwe Mulungushi,SASSCAL_zambia,-14.29257,28.56632,Y,SASSCAL_logger
Kalabo,SASSCAL_zambia,-14.98895,22.68175,Y,SASSCAL_logger
Kalahari,SASSCAL_namibia,-24.16283333,18.47672222,Y,SASSCAL_logger
Kalimbeza,SASSCAL_namibia,-17.544722,24.526694,Y,SASSCAL_logger
Kanovlei,SASSCAL_namibia,-19.332694,19.481083,Y,SASSCAL_logger
Kaoko Otavi,SASSCAL_namibia,-18.300233,13.659833,Y,SASSCAL_logger
Karios (Gondwana Canyon Lodge),SASSCAL_namibia,-27.6745,17.8195,Y,SASSCAL_logger
Kasempa,SASSCAL_zambia,-13.45696,25.8337,Y,SASSCAL_logger
Khorixas,SASSCAL_namibia,-20.378917,14.969517,Y,SASSCAL_logger
Kibala (Catofe),SASSCAL_angola,-10.73597,14.98446,Y,SASSCAL_logger
Kleinberg,SASSCAL_namibia,-22.9895,14.728167,Y,SASSCAL_logger
Kleinberg-FN,SASSCAL_namibia,-22.98927901,14.72792999,Y,SASSCAL_logger
Koeroegabvlakte,SASSCAL_south_africa,-28.2359,17.02557,Y,SASSCAL_logger
Koichab Pan,SASSCAL_namibia,-26.2003389,15.8610473,Y,SASSCAL_logger
LADY GREY - IDEAL,SAWS,-30.8864,27.2344,Y,SAWS_logger
LADYSMITH,SAWS,-28.567,29.767,Y,SAWS_logger
LAMBERTSBAAI ARS,SAWS,-32.101,18.307,Y,SAWS_logger
LAMBERTSBAAI NORTIER,SAWS,-32.0349,18.3325,Y,SAWS_logger
LANGEBAANWEG - AAWS,SAWS,-32.979,18.164,Y,SAWS_logger
LANGEBAANWEG AWS,SAWS,-32.9725,18.1578,Y,SAWS_logger
LANGGEWENS,SAWS,-33.2764,18.7061,Y,SAWS_logger
LANSERIA WO,SAWS,-25.9397,27.9256,Y,SAWS_logger
LE LONG ARS,SAWS,-28.017,28.084,Y,SAWS_logger
LEPHALALE,SAWS,-23.68,27.7,Y,SAWS_logger
LESLIE LEANDRA ARS,SAWS,-26.3694,28.9222,Y,SAWS_logger
LETABA REST CAMP ARS,SAWS,-23.8523,31.5736,Y,SAWS_logger
LEVUBU,SAWS,-23.0943,30.2863,Y,SAWS_logger
LILLYDALE ARS,SAWS,-30.014,25.958,Y,SAWS_logger
LINDLEYSPOORT,SAWS,-25.5022,26.6961,Y,SAWS_logger
LYDENBURG,SAWS,-25.1119,30.4766,Y,SAWS_logger
Lephepe,SASSCAL_botswana,-23.365639,25.847194,Y,SASSCAL_logger
Lusaka Int. Airport,SASSCAL_zambia,-15.31929,28.4405,Y,SASSCAL_logger
Lusaka University of Zambia,SASSCAL_zambia,-15.39117,28.33204,Y,SASSCAL_logger
MACHADODORP AWS,SAWS,-25.7161,30.2303,Y,SAWS_logger
MADIKWE GAME RESERVE,SAWS,-24.6884,26.1964,Y,SAWS_logger
MAFIKENG WO,SAWS,-25.8037,25.5428,Y,SAWS_logger
MAGALIESBURG POLICE ARS,SAWS,-25.998,27.5386,Y,SAWS_logger
MAKATINI RESEARCH CENTRE,SAWS,-27.3941,32.1769,Y,SAWS_logger
MAKHADO AIR FORCE BASE,SAWS,-23.1586,29.6943,Y,SAWS_logger
MALMESBURY,SAWS,-33.4725,18.7183,Y,SAWS_logger
MANDINI,SAWS,-29.15,31.4,Y,SAWS_logger
MANGONG ARS,SAWS,-24.9938,26.9898,Y,SAWS_logger
MARGATE,SAWS,-30.85,30.333,Y,SAWS_logger
MARICO,SAWS,-25.5,26.35,Y,SAWS_logger
MARKEN,SAWS,-23.6,28.383,Y,SAWS_logger
MARULENG-BOERSEUN BOERDERY ARS,SAWS,-24.0878,30.4058,Y,SAWS_logger
MATATIELE,SAWS,-30.34,28.8039,Y,SAWS_logger
MBAZWANA AIRFIELD,SAWS,-27.4772,32.5981,Y,SAWS_logger
MBUZINI MONUMENT ARS,SAWS,-25.9156,31.9558,Y,SAWS_logger
MIDDELBURG - TNK ARS,SAWS,-25.76,29.4614,Y,SAWS_logger
MITCHELLS PLAIN WOLFGAT ARS,SAWS,-34.061,18.594,Y,SAWS_logger
MODJADJI DAM ARS,SAWS,-23.5892,30.3525,Y,SAWS_logger
MOKOPANE,SAWS,-24.2056,29.0117,Y,SAWS_logger
MOLTENO RESERVOIR,SAWS,-33.9375,18.4108,Y,SAWS_logger
MONTAGU - BADEN ARS,SAWS,-33.709,20.124,Y,SAWS_logger
MOOI RIVER,SAWS,-29.2175,30.0025,Y,SAWS_logger
MOUNT EDGECOMBE,SAWS,-29.7,31.05,Y,SAWS_logger
MTUNZINI,SAWS,-28.95,31.7,Y,SAWS_logger
MTUNZINI ARS,SAWS,-28.9472,31.7078,Y,SAWS_logger
MUKUMBANI TEA ESTATE - VENDA,SAWS,-22.9167,30.4075,Y,SAWS_logger
Mababe,SASSCAL_botswana,-19.018,23.96669,Y,SASSCAL_logger
Mahalapye,SASSCAL_botswana,-23.112528,26.859222,Y,SASSCAL_logger
Mahenene,SASSCAL_namibia,-17.44433333,14.78480556,Y,SASSCAL_logger
Mannheim,SASSCAL_namibia,-19.16861111,17.76305556,Y,SASSCAL_logger
Marble Koppie,SASSCAL_namibia,-22.96948104,14.98967998,Y,SASSCAL_logger
Marienflusstal,SASSCAL_namibia,-17.602974,12.602886,Y,SASSCAL_logger
Mashare,SASSCAL_namibia,-17.8946,20.2085,Y,SASSCAL_logger
Muconda,SASSCAL_angola,-10.58769,21.31772,Y,SASSCAL_logger
Mukongo,SASSCAL_angola,-14.749,12.505,Y,SASSCAL_logger
Mwinilunga,SASSCAL_zambia,-11.73998,24.431,Y,SASSCAL_logger
NAGLE DAM ARS,SAWS,-29.5919,30.6228,Y,SAWS_logger
NELSPRUIT,SAWS,-25.5,30.9166,Y,SAWS_logger
NEWCASTLE,SAWS,-27.7689,29.9767,Y,SAWS_logger
NGQURA (COEGA),SAWS,-33.7966,25.6753,Y,SAWS_logger
NIEUWOUDTVILLE,SAWS,-31.378,19.122,Y,SAWS_logger
NOOITGEDACHT DAM - IRR ARS,SAWS,-25.9558,30.0833,Y,SAWS_logger
Namibe,SASSCAL_angola,-15.159,12.178,Y,SASSCAL_logger
Narais - Duruchaus,SASSCAL_namibia,-23.1301,16.8849,Y,SASSCAL_logger
Nation. Forestry Research Centre (NFRC),SASSCAL,,,Y,SASSCAL_logger
Ngoma,SASSCAL_namibia,-17.8995,24.707944,Y,SASSCAL_logger
Ngwatle,SASSCAL_botswana,-23.71239,21.07972,Y,SASSCAL_logger
Nico,SASSCAL_namibia,-25.31275,17.834583,Y,SASSCAL_logger
Numees,SASSCAL_south_africa,-28.314259,16.965849,Y,SASSCAL_logger
OLIFANTS CAMP ARS,SAWS,-24.0047,31.7399,Y,SAWS_logger
ORIBI AIRPORT,SAWS,-29.65,30.4,Y,SAWS_logger
OUDESTAD,SAWS,-25.18,29.33,Y,SAWS_logger
Ogongo,SASSCAL_namibia,-17.678528,15.294806,Y,SASSCAL_logger
Okahandja (NRFC),SASSCAL,,,Y,SASSCAL_logger
Okamboro,SASSCAL_namibia,-22.009494,17.041386,Y,SASSCAL_logger
Okangwati,SASSCAL_namibia,-17.43025,13.2781,Y,SASSCAL_logger
Okapya,SASSCAL_namibia,-18.4725,17.33908333,Y,SASSCAL_logger
Okashana,SASSCAL_namibia,-18.41111111,16.63852778,Y,SASSCAL_logger
Okomumbonde,SASSCAL_namibia,-20.48327,17.343167,Y,SASSCAL_logger
Omatako Ranch,SASSCAL_namibia,-21.5094,16.7291,Y,SASSCAL_logger
Omatjenne,SASSCAL_namibia,-20.44277778,16.49333333,Y,SASSCAL_logger
Oshaambelo,SASSCAL_namibia,-17.84286111,14.77008333,Y,SASSCAL_logger
PAARL,SAWS,-33.7217,18.9719,Y,SAWS_logger
PADDOCK,SAWS,-30.7544,30.2578,Y,SAWS_logger
PATENSIE,SAWS,-33.7653,24.8233,Y,SAWS_logger
PENNINGTON SOUTH,SAWS,-30.3997,30.6858,Y,SAWS_logger
PHALABORWA - GRIETJIE ARS,SAWS,-24.0986,30.9869,Y,SAWS_logger
PHALABORWA AIRPORT AWS,SAWS,-23.9361,31.1547,Y,SAWS_logger
PHELINDABA ARS,SAWS,-25.795,27.9197,Y,SAWS_logger
PHITSHANE ARS,SAWS,-25.7487,25.0983,Y,SAWS_logger
PIETERMARITZBURG,SAWS,-29.633,30.4,Y,SAWS_logger
PIETERMARITZBURG - DARVILLE ARS,SAWS,-29.6,30.43,Y,SAWS_logger
POLOKWANE WO,SAWS,-23.8576,29.4517,Y,SAWS_logger
PONGOLA,SAWS,-27.4139,31.5917,Y,SAWS_logger
PORT EDWARD,SAWS,-31.067,30.233,Y,SAWS_logger
PORT ELIZABETH - COEGA RIVER LOWER ARS,SAWS,-33.7165,25.4864,Y,SAWS_logger
PORT ELIZABETH - COEGA RIVER UPPER ARS,SAWS,-33.6663,25.4672,Y,SAWS_logger
PORT ELIZABETH - FETTES ROAD,SAWS,-33.9425,25.6023,Y,SAWS_logger
PORT ELIZABETH - MOTHERWELL,SAWS,-33.8032,25.6209,Y,SAWS_logger
PORT ELIZABETH - RIVERSTONE BRIDGE ARS,SAWS,-33.949,25.4906,Y,SAWS_logger
PORT ELIZABETH - SHARK ROCK PIER,SAWS,-33.9796,25.6598,Y,SAWS_logger
PORT ELIZABETH AWS,SAWS,-33.9825,25.6136,Y,SAWS_logger
PORT ELIZABETH WO,SAWS,-33.9844,25.6108,Y,SAWS_logger
PORT ELIZABETH-BLOEMENDAL ARS,SAWS,-33.8667,25.454,Y,SAWS_logger
PORT ELIZABETH-CHETTY FIRE STN ARS,SAWS,-33.857,25.5274,Y,SAWS_logger
PORTERVILLE,SAWS,-33.0128,18.9772,Y,SAWS_logger
POSTMASBURG,SAWS,-28.3454,23.079,Y,SAWS_logger
POTCHEFSTROOM,SAWS,-26.7359,27.0755,Y,SAWS_logger
POTCHEFSTROOM - KROMDRAAI ARS,SAWS,-26.8711,26.9266,Y,SAWS_logger
PRETORIA - MOUNTAIN VIEW ARS,SAWS,-25.6994,28.1567,Y,SAWS_logger
PRETORIA - PRESIDENCY ARS,SAWS,-25.7394,28.2325,Y,SAWS_logger
PRETORIA - PURIFICATION,SAWS,-25.735,28.176,Y,SAWS_logger
PRETORIA - RIETONDALE AGR ARS,SAWS,-25.7292,28.2361,Y,SAWS_logger
PRETORIA EENDRACHT,SAWS,-25.7422,28.1833,Y,SAWS_logger
PRETORIA MUSLIM SCHOOL ARS,SAWS,-25.7953,28.0939,Y,SAWS_logger
PRETORIA UNISA,SAWS,-25.77,28.2,Y,SAWS_logger
PRETORIA UNIVERSITY PROEFPLAAS,SAWS,-25.752,28.258,Y,SAWS_logger
PUNDA MARIA,SAWS,-22.68,31.02,Y,SAWS_logger
Pandamatenga,SASSCAL_botswana,-18.540139,25.634861,Y,SASSCAL_logger
Paulshoek,SASSCAL_south_africa,-30.395,18.28118,Y,SASSCAL_logger
RANDFONTEIN ARS,SAWS,-26.1411,27.6819,Y,SAWS_logger
REDELINGSHUYS-AWS,SAWS,-32.4814,18.5369,Y,SAWS_logger
RICHARDS BAY AIRPORT,SAWS,-28.73,32.08,Y,SAWS_logger
RICHMOND ARS,SAWS,-29.8972,30.3069,Y,SAWS_logger
RIVERVIEW,SAWS,-28.4439,32.182,Y,SAWS_logger
ROBBENEILAND,SAWS,-33.7989,18.3744,Y,SAWS_logger
ROBERTSON,SAWS,,,Y,SAWS_logger
ROBERTSON - HEARTSTONE VINYARD ARS,SAWS,,,Y,SAWS_logger
ROODEWAL BOS ARS,SAWS,-23,30.02,Y,SAWS_logger
ROOIBULT ARS,SAWS,-27.019,27.969,Y,SAWS_logger
ROYAL NATIONAL PARK,SAWS,-28.6858,28.9542,Y,SAWS_logger
RUSTENBURG,SAWS,-25.65,27.233,Y,SAWS_logger
Ratelgat,SASSCAL_south_africa,-31.28616,18.60281,Y,SASSCAL_logger
Rooisand,SASSCAL_namibia,-23.294528,16.114667,Y,SASSCAL_logger
S A ASTRONOMICAL OBSERVATORY,SAWS,-33.935,18.4775,Y,SAWS_logger
SALDANHA KUSPATROLLIE ARS,SAWS,-33.016,17.947,Y,SAWS_logger
SECUNDA,SAWS,-26.4989,29.1878,Y,SAWS_logger
SHALEBURN,SAWS,-29.7869,29.3525,Y,SAWS_logger
SKUKUZA,SAWS,-24.9927,31.588,Y,SAWS_logger
SOMERSET EAST,SAWS,-33.0497,25.7192,Y,SAWS_logger
SOSHANGUVE (TSWAING)  ARS,SAWS,-25.4219,28.0794,Y,SAWS_logger
SPRINGS,SAWS,-26.2058,28.4386,Y,SAWS_logger
ST ALBANS PRISON ARS,SAWS,-33.9052,25.3453,Y,SAWS_logger
STEENBOKFONTEIN ARS,SAWS,-24.0514,28.0878,Y,SAWS_logger
STERKFONTEIN ARS,SAWS,-26.0175,27.7319,Y,SAWS_logger
STORMRIVER - WITTEKLIP ARS,SAWS,-33.9531,23.8769,Y,SAWS_logger
STORMRIVER FOREST FERN FARM ARS,SAWS,-34.0299,24.0035,Y,SAWS_logger
STRAND,SAWS,-34.1411,18.8489,Y,SAWS_logger
STRUISBAAI,SAWS,-34.8008,20.0589,Y,SAWS_logger
SUTHERLAND,SAWS,-32.4,20.663,Y,SAWS_logger
SWARTKLIP NOOITGEDACHT ARS,SAWS,-24.8919,27.1525,Y,SAWS_logger
SWEETWATER ARS,SAWS,-29.91,26.992,Y,SAWS_logger
SWELLENDAM,SAWS,-34.022,20.437,Y,SAWS_logger
SWELLENDAM - MARLOTH ARS,SAWS,-34.005,20.44,Y,SAWS_logger
SWELLENDAM - NAPKYSMOND ARS,SAWS,-34.22,20.514,Y,SAWS_logger
Sachinga,SASSCAL_namibia,-17.673667,24.031889,Y,SASSCAL_logger
Samfya,SASSCAL_zambia,-11.37119,29.56057,Y,SASSCAL_logger
Sandveld,SASSCAL_namibia,-22.0445,19.1321,Y,SASSCAL_logger
Serenje,SASSCAL_zambia,-13.2267,30.21508,Y,SASSCAL_logger
Sesheke,SASSCAL_zambia,-17.4711,24.3013,Y,SASSCAL_logger
Shakawe,SASSCAL_botswana,-18.368556,21.839306,Y,SASSCAL_logger
Soebatsfontein,SASSCAL_south_africa,-30.18294,17.55062,Y,SASSCAL_logger
Sonop Research Station,SASSCAL_namibia,-19.0101,18.9039,Y,SASSCAL_logger
Sophies Hoogte,SASSCAL_namibia,-23.00681496,14.89086597,Y,SASSCAL_logger
Sowa,SASSCAL_botswana,-20.547417,26.078417,Y,SASSCAL_logger
Station 8,SASSCAL_namibia,-23.26530003,15.05627202,Y,SASSCAL_logger
THABAZIMBI,SAWS,-24.5829,27.417,Y,SAWS_logger
THABINA DAM ARS,SAWS,-24.0267,30.1764,Y,SAWS_logger
THOHOYANDOU WO,SAWS,-23.0872,30.3844,Y,SAWS_logger
TOM BURKE S.A.P.S. ARS,SAWS,-23.0694,27.9994,Y,SAWS_logger
TOURS DAM ARS,SAWS,-24.0986,30.2586,Y,SAWS_logger
TSHANOWA PRIMARY SCHOOL,SAWS,-22.9353,30.3667,Y,SAWS_logger
TSHIVHASIE TEA VENDA,SAWS,-22.97,30.35,Y,SAWS_logger
TSITSIKAMMA,SAWS,-34.0229,23.8986,Y,SAWS_logger
TUGELA FERRY ARS,SAWS,-28.7464,30.445,Y,SAWS_logger
TULBAGH - OBIQUA  ARS,SAWS,-33.275,19.146,Y,SAWS_logger
TYGERHOEK,SAWS,-34.1497,19.9031,Y,SAWS_logger
TZANEEN - MIDDLE LETABA DAM ARS,SAWS,-23.2831,30.4147,Y,SAWS_logger
TZANEEN DAM ARS,SAWS,-23.7969,30.1681,Y,SAWS_logger
TZANEEN-WESTFALIA ESTATE,SAWS,-23.7389,30.1211,Y,SAWS_logger
Technical Service ARS Test,SAWS,-25.91,28.2111,Y,SAWS_logger
Tsabong,SASSCAL_botswana,-26.031361,22.400861,Y,SASSCAL_logger
Tshane,SASSCAL_botswana,-24.019278,21.868556,Y,SASSCAL_logger
Tsumis,SASSCAL_namibia,-23.72977778,17.19386111,Y,SASSCAL_logger
Tsumkwe Breeding Station,SASSCAL_namibia,-19.6156,20.442,Y,SASSCAL_logger
Tubu (Okavango Delta),SASSCAL_botswana,-19.35786,22.284,Y,SASSCAL_logger
Tundavala,SASSCAL_angola,-14.845,13.407,Y,SASSCAL_logger
UITENHAGE,SAWS,-33.7142,25.435,Y,SAWS_logger
ULUNDI,SAWS,-28.3,31.42,Y,SAWS_logger
ULUNDI WASTE WATER ARS,SAWS,-28.3475,31.4239,Y,SAWS_logger
UMTHATHA WO,SAWS,-31.5497,28.6739,Y,SAWS_logger
UNIVERSITY OF ZULULAND,SAWS,-28.8517,31.8531,Y,SAWS_logger
VAALHOEK,SAWS,-24.733,30.783,Y,SAWS_logger
VAN DER KLOOF DAM ARS,SAWS,-29.9971,24.7187,Y,SAWS_logger
VAN REENEN,SAWS,-28.3789,29.3853,Y,SAWS_logger
VANDYKSDRIFT - DOUGLAS COLLIERY ARS,SAWS,-26.1,29.317,Y,SAWS_logger
VENETIA MINE,SAWS,-22.4517,29.3314,Y,SAWS_logger
VENTERSRUST ARS,SAWS,-25.9886,24.0869,Y,SAWS_logger
VEREENIGING,SAWS,-26.567,27.95,Y,SAWS_logger
VILLIERSDORP-SOS ARS,SAWS,-34.017,19.226,Y,SAWS_logger
VIOOLSDRIF - AWS,SAWS,-28.7694,17.6234,Y,SAWS_logger
VIRGINIA,SAWS,-29.767,31.05,Y,SAWS_logger
VREDE,SAWS,-27.4228,29.1694,Y,SAWS_logger
VREDENDAL,SAWS,-31.673,18.496,Y,SAWS_logger
VRYBURG,SAWS,-26.9547,24.6527,Y,SAWS_logger
VRYHEID,SAWS,-27.7772,30.7961,Y,SAWS_logger
Vandersterrberg,SASSCAL_south_africa,-28.47126,17.11159,Y,SASSCAL_logger
Verlorenvlei,SASSCAL_south_africa,-32.5981,18.68285,Y,SASSCAL_logger
Vogelfederberg,SASSCAL_namibia,-23.097969,15.02903201,Y,SASSCAL_logger
WARDEN - HERITAGE,SAWS,-27.9611,29.0594,Y,SAWS_logger
WARMBAD TOWOOMBA,SAWS,-24.9,28.33,Y,SAWS_logger
WATERKLOOF AIR FORCE BASE,SAWS,-25.8278,28.2236,Y,SAWS_logger
WELKOM,SAWS,-27.9947,26.6658,Y,SAWS_logger
WELLINGTON,SAWS,-33.6511,19.0067,Y,SAWS_logger
WEPENER,SAWS,-29.9156,26.8469,Y,SAWS_logger
WESTONARIA KLOOF GOLD MINE ARS,SAWS,-26.4,27.6,Y,SAWS_logger
WILLOWMORE,SAWS,-33.3003,23.4839,Y,SAWS_logger
WITBANK,SAWS,-25.8369,29.1887,Y,SAWS_logger
WITSIESHOEK ARS,SAWS,-28.534,28.796,Y,SAWS_logger
WOLMARANSSTAD,SAWS,-27.2139,25.9783,Y,SAWS_logger
WONDERBOOM AIRPORT,SAWS,-25.6561,28.2169,Y,SAWS_logger
WORCESTER-AWS,SAWS,-33.6639,19.4186,Y,SAWS_logger
Waterberg,SASSCAL_namibia,-20.3971,17.3529,Y,SASSCAL_logger
Werda,SASSCAL_botswana,-25.268,23.259194,Y,SASSCAL_logger
Windhoek (NBRI),SASSCAL_namibia,-22.5707,17.0957,Y,SASSCAL_logger
Windhoek (Satellite),SASSCAL_namibia,-22.57238,17.094806,Y,SASSCAL_logger
Wlotzkasbaken,SASSCAL_namibia,-22.3149,14.4621,Y,SASSCAL_logger
Xade,SASSCAL_botswana,-22.34072,23.02983,Y,SASSCAL_logger
Yellow Dune - Grootderm,SASSCAL,,,Y,SASSCAL_logger
ZUURBEKOM ARS,SAWS,-26.3003,27.8025,Y,SAWS_logger
Zambezi,SASSCAL_zambia,-13.53365,23.1079,Y,SASSCAL_logger
